name,age,AI_marks,percentage
Quratulain,21,85,85.0%
Hafsa,20,78,78.0%
Laiba,21,91,91.0%
Imaan,20,88,88.0%
Ayesha,22,76,76.0%
Hamida,21,82,82.0%
Talha Rao,22,89,89.0%
Hassan,20,94,94.0%
Ali,21,73,73.0%
Umar,22,87,87.0%
Abbas,21,80,80.0%
Abu Bakar,20,92,92.0%
Muhammad,22,84,84.0%
Eesa,21,79,79.0%
Abrar,23,71,71.0%
Ihtisham,20,86,86.0%
Ahmed,21,90,90.0%
Usman,22,77,77.0%
Hamza,20,95,95.0%
Huzaifa,21,81,81.0%
Zainab,20,89,89.0%
Fatima,22,93,93.0%
Maryam,21,75,75.0%
Hira,20,84,84.0%
Maham,22,80,80.0%
Sana,21,88,88.0%
Sidra,20,72,72.0%
Anaya,21,91,91.0%
Alina,22,86,86.0%
Rabia,20,79,79.0%
Bilal,23,83,83.0%
Saad,21,90,90.0%
Hamdan,20,87,87.0%
Abdullah,22,96,96.0%
Ibrahim,21,82,82.0%
Ismail,23,74,74.0%
Yahya,20,89,89.0%
Rayyan,21,93,93.0%
Fahad,22,78,78.0%
Arham,20,85,85.0%
Sameer,21,81,81.0%
Salman,23,76,76.0%
Danish,22,88,88.0%
Areeba,20,92,92.0%
Madiha,21,83,83.0%
Noor,22,90,90.0%
Mehwish,20,77,77.0%
Komal,21,86,86.0%
Eman,22,94,94.0%
Saba,20,80,80.0%
Mariam,21,87,87.0%
Rida,22,73,73.0%
Asad,20,91,91.0%
Taha,21,84,84.0%
Adeel,23,79,79.0%
Waleed,22,88,88.0%
Junaid,21,82,82.0%
Kashif,20,75,75.0%
Farhan,22,90,90.0%
Mustafa,21,95,95.0%
Abdul Rehman,23,86,86.0%
Abdul Hadi,20,81,81.0%
Saima,21,89,89.0%
Bushra,22,78,78.0%
Iqra,20,93,93.0%
Amna,21,85,85.0%
Sumaiya,22,88,88.0%
Muneeba,20,76,76.0%
Hareem,21,91,91.0%
Zoya,22,84,84.0%
