threshold,accuracy,macro_f1
0.3,0.7120921305182342,0.6320482880711138
0.31,0.7120921305182342,0.6385558885558886
0.32,0.7159309021113244,0.6493688384444687
0.33,0.7236084452975048,0.6629649595687331
0.34,0.7332053742802304,0.6790578120499013
0.35000000000000003,0.7312859884836852,0.6785651330865503
0.36000000000000004,0.7216890595009597,0.6712933753943218
0.37000000000000005,0.7236084452975048,0.6752770083102493
0.38000000000000006,0.7197696737044146,0.674118312369332
0.39000000000000007,0.7197696737044146,0.6751981280317005
0.4000000000000001,0.7178502879078695,0.6766366188857692
0.4100000000000001,0.7140115163147792,0.6752481791826507
0.4200000000000001,0.7063339731285988,0.6685047720042419
0.4300000000000001,0.708253358925144,0.6730305532617671
0.4400000000000001,0.710172744721689,0.6774258359472702
0.4500000000000001,0.7120921305182342,0.6808536704890719
0.46000000000000013,0.710172744721689,0.6808180885031869
0.47000000000000014,0.7063339731285988,0.6797915972057637
0.48000000000000015,0.7159309021113244,0.6927870211002741
0.49000000000000016,0.7178502879078695,0.6972187629721875
0.5000000000000002,0.7159309021113244,0.6961285034206627
0.5100000000000002,0.7140115163147792,0.6950235914842795
0.5200000000000002,0.7140115163147792,0.6962455735331521
0.5300000000000002,0.710172744721689,0.6939359868659085
0.5400000000000003,0.708253358925144,0.6921952736318407
0.5500000000000003,0.7024952015355086,0.6869779250731631
0.5600000000000003,0.7005758157389635,0.6857951382445723
0.5700000000000003,0.690978886756238,0.677634941680598
0.5800000000000003,0.6871401151631478,0.6756646310490878
0.5900000000000003,0.6833013435700576,0.6731082946417368
0.6000000000000003,0.6813819577735125,0.6718047965998786
0.6100000000000003,0.6775431861804223,0.6691463304000727
0.6200000000000003,0.6756238003838771,0.6673844142990439
0.6300000000000003,0.6775431861804223,0.6699547511312217
0.6400000000000003,0.6813819577735125,0.6746396003250369
0.6500000000000004,0.6833013435700576,0.6767807794258642
0.6600000000000004,0.6833013435700576,0.677812882987216
0.6700000000000004,0.6775431861804223,0.6724447637865996
0.6800000000000004,0.6756238003838771,0.6709641737388685
0.6900000000000004,0.6717850287907869,0.667948789623749
0.7000000000000004,0.6660268714011516,0.6627957149233745
